[{"COD_IBGE":"1300029","NOME_MUNI":"Alvarães","CATEGORIA":"ALVARÃES","REGIOES":"MÉDIO SOLIMÕES","CHAVE":"1-1300029"},{"COD_IBGE":"1300060","NOME_MUNI":"Amaturá","CATEGORIA":"AMATURÁ","REGIOES":"ALTO SOLIMÕES","CHAVE":"2-1300060"},{"COD_IBGE":"1300086","NOME_MUNI":"Anamã","CATEGORIA":"ANAMÃ","REGIOES":"BAIXO SOLIMÕES","CHAVE":"3-1300086"},{"COD_IBGE":"1300102","NOME_MUNI":"Anori","CATEGORIA":"ANORI","REGIOES":"BAIXO SOLIMÕES","CHAVE":"4-1300102"},{"COD_IBGE":"1300144","NOME_MUNI":"Apuí","CATEGORIA":"APUÍ","REGIOES":"MADEIRA","CHAVE":"5-1300144"},{"COD_IBGE":"1300201","NOME_MUNI":"Atalaia do Norte","CATEGORIA":"ATALAIA DO NORTE","REGIOES":"ALTO SOLIMÕES","CHAVE":"6-1300201"},{"COD_IBGE":"1300300","NOME_MUNI":"Autazes","CATEGORIA":"AUTAZES","REGIOES":"ENTORNO","CHAVE":"7-1300300"},{"COD_IBGE":"1300409","NOME_MUNI":"Barcelos","CATEGORIA":"BARCELOS","REGIOES":"RIO NEGRO","CHAVE":"8-1300409"},{"COD_IBGE":"1300508","NOME_MUNI":"Barreirinha","CATEGORIA":"BARREIRINHA","REGIOES":"BAIXO AMAZONAS","CHAVE":"9-1300508"},{"COD_IBGE":"1300607","NOME_MUNI":"Benjamin Constant","CATEGORIA":"BENJAMIN CONSTANT","REGIOES":"ALTO SOLIMÕES","CHAVE":"10-1300607"},{"COD_IBGE":"1300631","NOME_MUNI":"Beruri","CATEGORIA":"BERURI","REGIOES":"PURUS","CHAVE":"11-1300631"},{"COD_IBGE":"1300680","NOME_MUNI":"Boa Vista do Ramos","CATEGORIA":"BOA VISTA DO RAMOS","REGIOES":"BAIXO AMAZONAS","CHAVE":"12-1300680"},{"COD_IBGE":"1300706","NOME_MUNI":"Boca do Acre","CATEGORIA":"BOCA DO ACRE","REGIOES":"PURUS","CHAVE":"13-1300706"},{"COD_IBGE":"1300805","NOME_MUNI":"Borba","CATEGORIA":"BORBA","REGIOES":"MADEIRA","CHAVE":"14-1300805"},{"COD_IBGE":"1300839","NOME_MUNI":"Caapiranga","CATEGORIA":"CAAPIRANGA","REGIOES":"BAIXO SOLIMÕES","CHAVE":"15-1300839"},{"COD_IBGE":"1300904","NOME_MUNI":"Canutama","CATEGORIA":"CANUTAMA","REGIOES":"PURUS","CHAVE":"16-1300904"},{"COD_IBGE":"1301001","NOME_MUNI":"Carauari","CATEGORIA":"CARAUARI","REGIOES":"JURUÁ","CHAVE":"17-1301001"},{"COD_IBGE":"1301100","NOME_MUNI":"Careiro","CATEGORIA":"CAREIRO","REGIOES":"ENTORNO","CHAVE":"18-1301100"},{"COD_IBGE":"1301159","NOME_MUNI":"Careiro da Várzea","CATEGORIA":"CAREIRO DA VÁRZEA","REGIOES":"ENTORNO","CHAVE":"19-1301159"},{"COD_IBGE":"1301209","NOME_MUNI":"Coari","CATEGORIA":"COARI","REGIOES":"BAIXO SOLIMÕES","CHAVE":"20-1301209"},{"COD_IBGE":"1301308","NOME_MUNI":"Codajás","CATEGORIA":"CODAJÁS","REGIOES":"BAIXO SOLIMÕES","CHAVE":"21-1301308"},{"COD_IBGE":"1301407","NOME_MUNI":"Eirunepé","CATEGORIA":"EIRUNEPÉ","REGIOES":"JURUÁ","CHAVE":"22-1301407"},{"COD_IBGE":"1301506","NOME_MUNI":"Envira","CATEGORIA":"ENVIRA","REGIOES":"JURUÁ","CHAVE":"23-1301506"},{"COD_IBGE":"1301605","NOME_MUNI":"Fonte Boa","CATEGORIA":"FONTE BOA","REGIOES":"ALTO SOLIMÕES","CHAVE":"24-1301605"},{"COD_IBGE":"1301654","NOME_MUNI":"Guajará","CATEGORIA":"GUAJARÁ","REGIOES":"JURUÁ","CHAVE":"25-1301654"},{"COD_IBGE":"1301704","NOME_MUNI":"Humaitá","CATEGORIA":"HUMAITÁ","REGIOES":"MADEIRA","CHAVE":"26-1301704"},{"COD_IBGE":"1301803","NOME_MUNI":"Ipixuna","CATEGORIA":"IPIXUNA","REGIOES":"JURUÁ","CHAVE":"27-1301803"},{"COD_IBGE":"1301852","NOME_MUNI":"Iranduba","CATEGORIA":"IRANDUBA","REGIOES":"ENTORNO","CHAVE":"28-1301852"},{"COD_IBGE":"1301902","NOME_MUNI":"Itacoatiara","CATEGORIA":"ITACOATIARA","REGIOES":"ENTORNO","CHAVE":"29-1301902"},{"COD_IBGE":"1301951","NOME_MUNI":"Itamarati","CATEGORIA":"ITAMARATI","REGIOES":"JURUÁ","CHAVE":"30-1301951"},{"COD_IBGE":"1302009","NOME_MUNI":"Itapiranga","CATEGORIA":"ITAPIRANGA","REGIOES":"ENTORNO","CHAVE":"31-1302009"},{"COD_IBGE":"1302108","NOME_MUNI":"Japurá","CATEGORIA":"JAPURÁ","REGIOES":"MÉDIO SOLIMÕES","CHAVE":"32-1302108"},{"COD_IBGE":"1302207","NOME_MUNI":"Juruá","CATEGORIA":"JURUÁ","REGIOES":"JURUÁ","CHAVE":"33-1302207"},{"COD_IBGE":"1302306","NOME_MUNI":"Jutaí","CATEGORIA":"JUTAÍ","REGIOES":"ALTO SOLIMÕES","CHAVE":"34-1302306"},{"COD_IBGE":"1302405","NOME_MUNI":"Lábrea","CATEGORIA":"LÁBREA","REGIOES":"PURUS","CHAVE":"35-1302405"},{"COD_IBGE":"1302504","NOME_MUNI":"Manacapuru","CATEGORIA":"MANACAPURU","REGIOES":"ENTORNO","CHAVE":"36-1302504"},{"COD_IBGE":"1302553","NOME_MUNI":"Manaquiri","CATEGORIA":"MANAQUIRI","REGIOES":"ENTORNO","CHAVE":"37-1302553"},{"COD_IBGE":"1302603","NOME_MUNI":"Manaus","CATEGORIA":"MANAUS RURAL","REGIOES":"MANAUS RURAL","CHAVE":"38-1302603"},{"COD_IBGE":"1302702","NOME_MUNI":"Manicoré","CATEGORIA":"MANICORÉ","REGIOES":"MADEIRA","CHAVE":"39-1302702"},{"COD_IBGE":"1302801","NOME_MUNI":"Maraã","CATEGORIA":"MARAÃ","REGIOES":"MÉDIO SOLIMÕES","CHAVE":"40-1302801"},{"COD_IBGE":"1302900","NOME_MUNI":"Maués","CATEGORIA":"MAUÉS","REGIOES":"BAIXO AMAZONAS","CHAVE":"41-1302900"},{"COD_IBGE":"1303007","NOME_MUNI":"Nhamundá","CATEGORIA":"NHAMUNDÁ","REGIOES":"BAIXO AMAZONAS","CHAVE":"42-1303007"},{"COD_IBGE":"1303106","NOME_MUNI":"Nova Olinda do Norte","CATEGORIA":"NOVA OLINDA DO NORTE","REGIOES":"MADEIRA","CHAVE":"43-1303106"},{"COD_IBGE":"1303205","NOME_MUNI":"Novo Airão","CATEGORIA":"NOVO AIRÃO","REGIOES":"ENTORNO","CHAVE":"44-1303205"},{"COD_IBGE":"1303304","NOME_MUNI":"Novo Aripuanã","CATEGORIA":"NOVO ARIPUANÃ","REGIOES":"MADEIRA","CHAVE":"45-1303304"},{"COD_IBGE":"1303403","NOME_MUNI":"Parintins","CATEGORIA":"PARINTINS","REGIOES":"BAIXO AMAZONAS","CHAVE":"46-1303403"},{"COD_IBGE":"1303502","NOME_MUNI":"Pauini","CATEGORIA":"PAUINI","REGIOES":"PURUS","CHAVE":"47-1303502"},{"COD_IBGE":"1303536","NOME_MUNI":"Presidente Figueiredo","CATEGORIA":"PRESIDENTE FIGUEIREDO","REGIOES":"ENTORNO","CHAVE":"48-1303536"},{"COD_IBGE":"1303569","NOME_MUNI":"Rio Preto da Eva","CATEGORIA":"RIO PRETO DA EVA","REGIOES":"ENTORNO","CHAVE":"49-1303569"},{"COD_IBGE":"1303601","NOME_MUNI":"Santa Isabel do Rio Negro","CATEGORIA":"SANTA ISABEL DO RIO NEGRO","REGIOES":"RIO NEGRO","CHAVE":"50-1303601"},{"COD_IBGE":"1303700","NOME_MUNI":"Santo Antônio do Içá","CATEGORIA":"SANTO ANTÔNIO DO IÇÁ","REGIOES":"ALTO SOLIMÕES","CHAVE":"51-1303700"},{"COD_IBGE":"1303809","NOME_MUNI":"São Gabriel da Cachoeira","CATEGORIA":"SÃO GABRIEL DA CACHOEIRA","REGIOES":"RIO NEGRO","CHAVE":"52-1303809"},{"COD_IBGE":"1303908","NOME_MUNI":"São Paulo de Olivença","CATEGORIA":"SÃO PAULO DE OLIVENÇA","REGIOES":"ALTO SOLIMÕES","CHAVE":"53-1303908"},{"COD_IBGE":"1303957","NOME_MUNI":"São Sebastião do Uatumã","CATEGORIA":"SÃO SEBASTIÃO DO UATUMÃ","REGIOES":"BAIXO AMAZONAS","CHAVE":"54-1303957"},{"COD_IBGE":"1304005","NOME_MUNI":"Silves","CATEGORIA":"SILVES","REGIOES":"ENTORNO","CHAVE":"55-1304005"},{"COD_IBGE":"1304062","NOME_MUNI":"Tabatinga","CATEGORIA":"TABATINGA","REGIOES":"ALTO SOLIMÕES","CHAVE":"56-1304062"},{"COD_IBGE":"1304104","NOME_MUNI":"Tapauá","CATEGORIA":"TAPAUÁ","REGIOES":"PURUS","CHAVE":"57-1304104"},{"COD_IBGE":"1304203","NOME_MUNI":"Tefé","CATEGORIA":"TEFÉ","REGIOES":"MÉDIO SOLIMÕES","CHAVE":"58-1304203"},{"COD_IBGE":"1304237","NOME_MUNI":"Tonantins","CATEGORIA":"TONANTINS","REGIOES":"ALTO SOLIMÕES","CHAVE":"59-1304237"},{"COD_IBGE":"1304260","NOME_MUNI":"Uarini","CATEGORIA":"UARINI","REGIOES":"MÉDIO SOLIMÕES","CHAVE":"60-1304260"},{"COD_IBGE":"1304302","NOME_MUNI":"Urucará","CATEGORIA":"URUCARÁ","REGIOES":"BAIXO AMAZONAS","CHAVE":"61-1304302"},{"COD_IBGE":"1304401","NOME_MUNI":"Urucurituba","CATEGORIA":"URUCURITUBA","REGIOES":"BAIXO AMAZONAS","CHAVE":"62-1304401"},{"COD_IBGE":"1302603","NOME_MUNI":"Manaus","CATEGORIA":"MANAUS URBANO","REGIOES":"COORD. DISTRITAL 04","CHAVE":"1-1302603"},{"COD_IBGE":"1302603","NOME_MUNI":"Manaus","CATEGORIA":"MANAUS URBANO","REGIOES":"COORD. DISTRITAL 05","CHAVE":"2-1302603"},{"COD_IBGE":"1302603","NOME_MUNI":"Manaus","CATEGORIA":"MANAUS URBANO","REGIOES":"COORD. DISTRITAL 07","CHAVE":"3-1302603"},{"COD_IBGE":"1302603","NOME_MUNI":"Manaus","CATEGORIA":"MANAUS URBANO","REGIOES":"COORD. DISTRITAL 05","CHAVE":"4-1302603"},{"COD_IBGE":"1302603","NOME_MUNI":"Manaus","CATEGORIA":"MANAUS URBANO","REGIOES":"COORD. DISTRITAL 07","CHAVE":"5-1302603"},{"COD_IBGE":"1302603","NOME_MUNI":"Manaus","CATEGORIA":"MANAUS URBANO","REGIOES":"COORD. DISTRITAL 02","CHAVE":"6-1302603"},{"COD_IBGE":"1302603","NOME_MUNI":"Manaus","CATEGORIA":"MANAUS URBANO","REGIOES":"COORD. DISTRITAL 03","CHAVE":"7-1302603"},{"COD_IBGE":"1302603","NOME_MUNI":"Manaus","CATEGORIA":"MANAUS URBANO","REGIOES":"COORD. DISTRITAL 04","CHAVE":"8-1302603"},{"COD_IBGE":"1302603","NOME_MUNI":"Manaus","CATEGORIA":"MANAUS URBANO","REGIOES":"COORD. DISTRITAL 04","CHAVE":"9-1302603"},{"COD_IBGE":"1302603","NOME_MUNI":"Manaus","CATEGORIA":"MANAUS URBANO","REGIOES":"COORD. DISTRITAL 04","CHAVE":"10-1302603"},{"COD_IBGE":"1302603","NOME_MUNI":"Manaus","CATEGORIA":"MANAUS URBANO","REGIOES":"COORD. DISTRITAL 04","CHAVE":"11-1302603"},{"COD_IBGE":"1302603","NOME_MUNI":"Manaus","CATEGORIA":"MANAUS URBANO","REGIOES":"COORD. DISTRITAL 04","CHAVE":"12-1302603"},{"COD_IBGE":"1302603","NOME_MUNI":"Manaus","CATEGORIA":"MANAUS URBANO","REGIOES":"COORD. DISTRITAL 01","CHAVE":"13-1302603"},{"COD_IBGE":"1302603","NOME_MUNI":"Manaus","CATEGORIA":"MANAUS URBANO","REGIOES":"COORD. DISTRITAL 02","CHAVE":"14-1302603"},{"COD_IBGE":"1302603","NOME_MUNI":"Manaus","CATEGORIA":"MANAUS URBANO","REGIOES":"COORD. DISTRITAL 03","CHAVE":"15-1302603"},{"COD_IBGE":"1302603","NOME_MUNI":"Manaus","CATEGORIA":"MANAUS URBANO","REGIOES":"COORD. DISTRITAL 04","CHAVE":"16-1302603"},{"COD_IBGE":"1302603","NOME_MUNI":"Manaus","CATEGORIA":"MANAUS URBANO","REGIOES":"COORD. DISTRITAL 01","CHAVE":"17-1302603"},{"COD_IBGE":"1302603","NOME_MUNI":"Manaus","CATEGORIA":"MANAUS URBANO","REGIOES":"COORD. DISTRITAL 04","CHAVE":"18-1302603"},{"COD_IBGE":"1302603","NOME_MUNI":"Manaus","CATEGORIA":"MANAUS URBANO","REGIOES":"COORD. DISTRITAL 04","CHAVE":"19-1302603"},{"COD_IBGE":"1302603","NOME_MUNI":"Manaus","CATEGORIA":"MANAUS URBANO","REGIOES":"COORD. DISTRITAL 02","CHAVE":"20-1302603"},{"COD_IBGE":"1302603","NOME_MUNI":"Manaus","CATEGORIA":"MANAUS URBANO","REGIOES":"COORD. DISTRITAL 05","CHAVE":"21-1302603"},{"COD_IBGE":"1302603","NOME_MUNI":"Manaus","CATEGORIA":"MANAUS URBANO","REGIOES":"COORD. DISTRITAL 05","CHAVE":"22-1302603"},{"COD_IBGE":"1302603","NOME_MUNI":"Manaus","CATEGORIA":"MANAUS URBANO","REGIOES":"COORD. DISTRITAL 07","CHAVE":"23-1302603"},{"COD_IBGE":"1302603","NOME_MUNI":"Manaus","CATEGORIA":"MANAUS URBANO","REGIOES":"COORD. DISTRITAL 05","CHAVE":"24-1302603"},{"COD_IBGE":"1302603","NOME_MUNI":"Manaus","CATEGORIA":"MANAUS URBANO","REGIOES":"COORD. DISTRITAL 03","CHAVE":"25-1302603"},{"COD_IBGE":"1302603","NOME_MUNI":"Manaus","CATEGORIA":"MANAUS URBANO","REGIOES":"COORD. DISTRITAL 02","CHAVE":"26-1302603"},{"COD_IBGE":"1302603","NOME_MUNI":"Manaus","CATEGORIA":"MANAUS URBANO","REGIOES":"COORD. DISTRITAL 07","CHAVE":"27-1302603"},{"COD_IBGE":"1302603","NOME_MUNI":"Manaus","CATEGORIA":"MANAUS URBANO","REGIOES":"COORD. DISTRITAL 03","CHAVE":"28-1302603"},{"COD_IBGE":"1302603","NOME_MUNI":"Manaus","CATEGORIA":"MANAUS URBANO","REGIOES":"COORD. DISTRITAL 02","CHAVE":"29-1302603"},{"COD_IBGE":"1302603","NOME_MUNI":"Manaus","CATEGORIA":"MANAUS URBANO","REGIOES":"COORD. DISTRITAL 02","CHAVE":"30-1302603"},{"COD_IBGE":"1302603","NOME_MUNI":"Manaus","CATEGORIA":"MANAUS URBANO","REGIOES":"COORD. DISTRITAL 03","CHAVE":"31-1302603"},{"COD_IBGE":"1302603","NOME_MUNI":"Manaus","CATEGORIA":"MANAUS URBANO","REGIOES":"COORD. DISTRITAL 01","CHAVE":"32-1302603"},{"COD_IBGE":"1302603","NOME_MUNI":"Manaus","CATEGORIA":"MANAUS URBANO","REGIOES":"COORD. DISTRITAL 07","CHAVE":"33-1302603"},{"COD_IBGE":"1302603","NOME_MUNI":"Manaus","CATEGORIA":"MANAUS URBANO","REGIOES":"COORD. DISTRITAL 07","CHAVE":"34-1302603"},{"COD_IBGE":"1302603","NOME_MUNI":"Manaus","CATEGORIA":"MANAUS URBANO","REGIOES":"COORD. DISTRITAL 01","CHAVE":"35-1302603"},{"COD_IBGE":"1302603","NOME_MUNI":"Manaus","CATEGORIA":"MANAUS URBANO","REGIOES":"COORD. DISTRITAL 01","CHAVE":"36-1302603"},{"COD_IBGE":"1302603","NOME_MUNI":"Manaus","CATEGORIA":"MANAUS URBANO","REGIOES":"COORD. DISTRITAL 01","CHAVE":"37-1302603"},{"COD_IBGE":"1302603","NOME_MUNI":"Manaus","CATEGORIA":"MANAUS URBANO","REGIOES":"COORD. DISTRITAL 02","CHAVE":"38-1302603"},{"COD_IBGE":"1302603","NOME_MUNI":"Manaus","CATEGORIA":"MANAUS URBANO","REGIOES":"COORD. DISTRITAL 02","CHAVE":"39-1302603"},{"COD_IBGE":"1302603","NOME_MUNI":"Manaus","CATEGORIA":"MANAUS URBANO","REGIOES":"COORD. DISTRITAL 02","CHAVE":"40-1302603"},{"COD_IBGE":"1302603","NOME_MUNI":"Manaus","CATEGORIA":"MANAUS URBANO","REGIOES":"COORD. DISTRITAL 02","CHAVE":"41-1302603"},{"COD_IBGE":"1302603","NOME_MUNI":"Manaus","CATEGORIA":"MANAUS URBANO","REGIOES":"COORD. DISTRITAL 02","CHAVE":"42-1302603"},{"COD_IBGE":"1302603","NOME_MUNI":"Manaus","CATEGORIA":"MANAUS URBANO","REGIOES":"COORD. DISTRITAL 06","CHAVE":"43-1302603"},{"COD_IBGE":"1302603","NOME_MUNI":"Manaus","CATEGORIA":"MANAUS URBANO","REGIOES":"COORD. DISTRITAL 03","CHAVE":"44-1302603"},{"COD_IBGE":"1302603","NOME_MUNI":"Manaus","CATEGORIA":"MANAUS URBANO","REGIOES":"COORD. DISTRITAL 03","CHAVE":"45-1302603"},{"COD_IBGE":"1302603","NOME_MUNI":"Manaus","CATEGORIA":"MANAUS URBANO","REGIOES":"COORD. DISTRITAL 07","CHAVE":"46-1302603"},{"COD_IBGE":"1302603","NOME_MUNI":"Manaus","CATEGORIA":"MANAUS URBANO","REGIOES":"COORD. DISTRITAL 03","CHAVE":"47-1302603"},{"COD_IBGE":"1302603","NOME_MUNI":"Manaus","CATEGORIA":"MANAUS URBANO","REGIOES":"COORD. DISTRITAL 03","CHAVE":"48-1302603"},{"COD_IBGE":"1302603","NOME_MUNI":"Manaus","CATEGORIA":"MANAUS URBANO","REGIOES":"COORD. DISTRITAL 06","CHAVE":"49-1302603"},{"COD_IBGE":"1302603","NOME_MUNI":"Manaus","CATEGORIA":"MANAUS URBANO","REGIOES":"COORD. DISTRITAL 06","CHAVE":"50-1302603"},{"COD_IBGE":"1302603","NOME_MUNI":"Manaus","CATEGORIA":"MANAUS URBANO","REGIOES":"COORD. DISTRITAL 03","CHAVE":"51-1302603"},{"COD_IBGE":"1302603","NOME_MUNI":"Manaus","CATEGORIA":"MANAUS URBANO","REGIOES":"COORD. DISTRITAL 05","CHAVE":"52-1302603"},{"COD_IBGE":"1302603","NOME_MUNI":"Manaus","CATEGORIA":"MANAUS URBANO","REGIOES":"COORD. DISTRITAL 02","CHAVE":"53-1302603"},{"COD_IBGE":"1302603","NOME_MUNI":"Manaus","CATEGORIA":"MANAUS URBANO","REGIOES":"COORD. DISTRITAL 05","CHAVE":"54-1302603"},{"COD_IBGE":"1302603","NOME_MUNI":"Manaus","CATEGORIA":"MANAUS URBANO","REGIOES":"COORD. DISTRITAL 05","CHAVE":"55-1302603"},{"COD_IBGE":"1302603","NOME_MUNI":"Manaus","CATEGORIA":"MANAUS URBANO","REGIOES":"COORD. DISTRITAL 03","CHAVE":"56-1302603"},{"COD_IBGE":"1302603","NOME_MUNI":"Manaus","CATEGORIA":"MANAUS URBANO","REGIOES":"COORD. DISTRITAL 05","CHAVE":"57-1302603"},{"COD_IBGE":"1302603","NOME_MUNI":"Manaus","CATEGORIA":"MANAUS URBANO","REGIOES":"COORD. DISTRITAL 05","CHAVE":"58-1302603"},{"COD_IBGE":"1302603","NOME_MUNI":"Manaus","CATEGORIA":"MANAUS URBANO","REGIOES":"COORD. DISTRITAL 04","CHAVE":"59-1302603"},{"COD_IBGE":"1302603","NOME_MUNI":"Manaus","CATEGORIA":"MANAUS URBANO","REGIOES":"COORD. DISTRITAL 07","CHAVE":"60-1302603"},{"COD_IBGE":"1302603","NOME_MUNI":"Manaus","CATEGORIA":"MANAUS URBANO","REGIOES":"COORD. DISTRITAL 07","CHAVE":"61-1302603"},{"COD_IBGE":"1302603","NOME_MUNI":"Manaus","CATEGORIA":"MANAUS URBANO","REGIOES":"COORD. DISTRITAL 04","CHAVE":"62-1302603"},{"COD_IBGE":"1302603","NOME_MUNI":"Manaus","CATEGORIA":"MANAUS URBANO","REGIOES":"COORD. DISTRITAL 05","CHAVE":"63-1302603"}]